,Train_Accuracy_score,Test_Accuracy_score,Train_Recall_score,Test_Recall_score,Train_f1_score,Test_f1_score
DecisionTree,0.9971217105263158,0.6875,1.0,0.4127906976744186,0.9971134020618557,0.44794952681388017
RandomForest,0.9971217105263158,0.7892857142857143,0.998351195383347,0.5985401459854015,0.9971181556195965,0.5815602836879432
GradientBoostingClassifier,0.8647203947368421,0.7714285714285715,0.8942222222222223,0.5570469798657718,0.8594617684750107,0.564625850340136
AdaBoostClassifier,0.7717927631578947,0.7303571428571428,0.7841788478073947,0.48314606741573035,0.7667087011349305,0.5325077399380804
BaggingClassifier,0.9888980263157895,0.7839285714285714,0.990916597853014,0.5869565217391305,0.9888751545117429,0.5724381625441697
LogisticRegression,0.6578947368421053,0.6910714285714286,0.6663778162911612,0.43859649122807015,0.6489451476793249,0.5361930294906165
