Models,Train_Accuracy_score,Test_Accuracy_score,Train_Recall_score,Test_Recall_score,Train_f1_score,Test_f1_score
DecisionTree,0.997121711,0.741071429,1,0.5,0.997113402,0.515050167
RandomForest,0.997121711,0.782142857,0.996713229,0.581560284,0.997122894,0.573426573
GradientBoostingClassifier,0.864309211,0.769642857,0.893428064,0.557142857,0.859094791,0.547368421
AdaBoostClassifier,0.778371711,0.694642857,0.78613694,0.430107527,0.775323051,0.483383686
BaggingClassifier,0.988898026,0.783928571,0.993360996,0.586956522,0.988847584,0.572438163
LogisticRegression,0.668174342,0.691071429,0.672283067,0.438596491,0.664169788,0.536193029
