,Train_Accuracy_score,Test_Accuracy_score,Train_Recall_score,Test_Recall_score,Train_f1_score,Test_f1_score
DecisionTree,0.9971217105263158,0.6714285714285714,1.0,0.39226519337016574,0.9971134020618557,0.4355828220858896
RandomForest,0.9971217105263158,0.7928571428571428,0.998351195383347,0.5973154362416108,0.9971181556195965,0.6054421768707483
GradientBoostingClassifier,0.8675986842105263,0.7660714285714286,0.8900523560209425,0.5432098765432098,0.8636748518204911,0.5732899022801302
AdaBoostClassifier,0.7693256578947368,0.7232142857142857,0.7880386983289358,0.47191011235955055,0.761580960475988,0.5201238390092879
BaggingClassifier,0.9925986842105263,0.7553571428571428,0.9958609271523179,0.5307692307692308,0.9925742574257426,0.5018181818181818
LogisticRegression,0.665296052631579,0.6910714285714286,0.6712095400340715,0.43859649122807015,0.6594142259414225,0.5361930294906165
